name,RUsageMemory_mbytes,total_mbytes
" Average",142.47421875,2726.2569021225
mandelbrot,203.81640625,6535.4849729538
matmult-large,141.57421875,350.333278656006
matmult-large-na,141.95703125,353.390483856201
matmult-small-loops,113.15625,6126.71492385864
matmult-small-op,111.8671875,265.360851287842
