name,RUsageMemory_mbytes,total_mbytes
" Average",150.45078125,2810.47378730774
mandelbrot,208.16015625,6577.42008781433
matmult-large,151.3671875,380.574330329895
matmult-large-na,151.57421875,383.632039070129
matmult-small-loops,121.2578125,6415.1405916214
matmult-small-op,119.89453125,295.601887702942
