name,RUsageMemory_mbytes,total_mbytes
" Average",142.7234375,1905.61941070557
mandelbrot,201.3046875,6377.7329788208
matmult-large,138.4296875,256.871477127075
matmult-large-na,138.42578125,256.875047683716
matmult-small-loops,117.7265625,2464.71850013733
matmult-small-op,117.73046875,171.899049758911
