name,RUsageMemory_mbytes,total_mbytes
" Average",143.5703125,2783.87974777222
mandelbrot,204.765625,6541.48936462402
matmult-large,142.515625,356.314461708069
matmult-large-na,142.88671875,359.372170448303
matmult-small-loops,115.37890625,6390.88072299957
matmult-small-op,112.3046875,271.342019081116
